{
    "score_means": [
        -4.444121838208627e-14,
        -1.5567345392562195e-14,
        -1.3080445817401844e-14,
        2.7452787518003872e-14,
        2.6564609098303744e-15,
        2.7743464091723913e-14,
        8.7202972116012295e-16,
        3.213591009460453e-14,
        -3.165144913840446e-14,
        4.68312257660066e-15,
        2.549929964149297e-14,
        5.042431119115711e-15,
        -2.1203241183022988e-14,
        1.440463909768203e-14,
        -1.3855583347321953e-14,
        -1.955607393194276e-14,
        3.976617015475561e-15,
        7.492996122561056e-15,
        6.653263798480938e-15,
        4.699271275140663e-15,
        -4.844609562000683e-16,
        9.996044396261409e-15,
        6.685561195560943e-15,
        -1.816728585750256e-15,
        1.808654236480255e-15,
        -3.4558214875604874e-15,
        -2.1962230014403096e-15,
        8.696074163791226e-15,
        1.0585471892971492e-14,
        2.716211094428383e-14,
        1.3486181868219401e-14,
        5.185750818658231e-15,
        7.196263786888514e-16,
        2.6124557063088684e-14,
        4.360148605800615e-15,
        1.8974720784502674e-15,
        -1.0981115007201548e-14,
        1.162706294880164e-15,
        -1.3879806395131957e-14,
        -9.428316713214454e-15,
        -7.16194780249101e-15,
        -1.0954873372074045e-14,
        -1.5611754313547202e-14,
        -8.062237746096137e-15,
        -2.276966494140321e-15,
        -1.7210475469007428e-14,
        -1.8546780273192616e-14,
        -2.3112824785378257e-15,
        -2.724285443698384e-14,
        2.211967982516812e-14,
        -1.3726393759001935e-16,
        4.834516625413182e-16,
        -1.3197523881816861e-14,
        9.50149050347384e-15,
        -7.473097267270261e-13
    ],
    "score_stds": [
        89.17411815753343,
        30.95140955285679,
        20.165659898818827,
        17.525369605064405,
        14.43653649647763,
        12.353448712151208,
        9.7809593268791,
        8.99564044477924,
        8.70052745014446,
        7.805820125891756,
        7.316958551171416,
        6.847677393744954,
        6.507372852131313,
        5.693792120818058,
        5.4073271615344245,
        5.070294503601022,
        4.61298731320406,
        4.4541474145048054,
        3.959441356238967,
        3.821618736691123,
        3.499698256742289,
        3.0951537667877265,
        2.9810893503531553,
        2.9201067184845653,
        2.7985323353399645,
        2.5831819775696787,
        2.2971707173347817,
        2.2549222318811086,
        2.025210045214825,
        1.950350606612777,
        1.863823717701156,
        1.847819130264654,
        1.7235732851701935,
        1.682721931833574,
        1.6136255616676518,
        1.4780542611188447,
        1.4416758675456487,
        1.4125210593742925,
        1.3778953309873263,
        1.249080987047359,
        1.1759821816487508,
        1.1123854565461744,
        1.0830510646301084,
        1.0526736955835887,
        1.0235540387959001,
        1.0061971300427932,
        0.8999526590293847,
        0.841043577337192,
        0.8222963312168803,
        0.7863129197034386,
        0.7569143886641182,
        0.7219823160675116,
        0.6580536799464259,
        0.6143247783219383,
        4.9189947891851436e-15
    ]
}