{
    "score_means": [
        -1.722293805157634e-14,
        8.57285257275773e-15,
        -5.09737180001811e-15,
        5.377341084488801e-15,
        2.201137822735093e-15,
        1.208694979852779e-14,
        -2.4714529939481745e-15,
        8.881784197001252e-15,
        -6.540661732030813e-16,
        -1.1517357116328798e-14,
        -4.1165138930449284e-14,
        2.6741893723579856e-15,
        9.654113257610057e-15,
        -2.1528672564470427e-14,
        1.5755512836419613e-14,
        8.49561966669685e-16,
        -6.448947656083518e-15,
        1.004027778791446e-14,
        -1.6199602046269676e-14,
        1.5012146115583637e-14,
        -1.8159387037564517e-14,
        9.132791141699114e-15,
        5.647656255701884e-16,
        3.031391562889558e-15,
        5.309762291685531e-16,
        -1.9056012806365052e-14,
        8.138417476165278e-15,
        -3.629946584861382e-15,
        -9.084520575411063e-15,
        7.286441981181191e-15,
        1.9327534741735333e-14,
        -1.5480370608577727e-14,
        -1.8840002022226025e-14,
        5.9686555215174176e-15,
        -4.674038933671909e-14,
        3.00484275143113e-15,
        -1.2197972100990306e-14,
        5.053928290358865e-15,
        -1.4548748679218355e-14,
        -1.4758725642571374e-15,
        -1.0515742865851755e-14,
        2.3669472179345456e-14,
        -3.38859375342113e-15,
        -8.539063176356096e-15,
        5.9252120118581724e-15,
        -7.041658168396496e-13
    ],
    "score_stds": [
        99.44774749528109,
        26.51133490758379,
        20.779233653163693,
        18.248522072315037,
        14.734815026071717,
        11.066211437822169,
        10.124982464904287,
        9.497143822946384,
        8.685174359861646,
        7.824146245827814,
        6.956446295990052,
        6.653804200331834,
        6.253317966564344,
        6.159566308529248,
        5.388977402178537,
        5.091326745275164,
        4.851852001780906,
        4.372635443276525,
        4.05165628774213,
        4.024481280496106,
        3.842717044517341,
        3.1492193302645446,
        2.944564533634646,
        2.88795331726414,
        2.7817728213703443,
        2.457958759063209,
        2.3327420090606275,
        2.2553926882890147,
        2.1463261127094277,
        2.0848712412178876,
        1.986790147777221,
        1.7539750806068872,
        1.6648216082345701,
        1.5039012390287103,
        1.428029015017962,
        1.3465736611158916,
        1.316288223373524,
        1.2572586910758534,
        1.172808085974637,
        1.1287889025192093,
        1.0090415716009715,
        0.9732055517778055,
        0.9276259906921368,
        0.8907116167515929,
        0.7729403262645153,
        3.6999224018152596e-15
    ]
}