{
    "score_means": [
        2.0670334131202913e-15,
        -1.2918958832001821e-14,
        4.392446002880619e-15,
        2.4287642604163423e-14,
        1.808654236480255e-15,
        -5.167583532800729e-15,
        1.6471672510802324e-14,
        7.428401328401047e-15,
        -1.475991046556208e-14,
        -1.880919662446765e-14,
        4.0371746350005696e-15,
        3.843390252520542e-15,
        1.879708510056265e-14,
        7.525293519641061e-15,
        4.073509206715574e-15,
        2.2454765319873166e-14,
        -4.04121180963557e-15,
        1.5753055425772223e-14,
        -1.517977662760214e-15,
        -1.3686022012651929e-14,
        1.3726393759001936e-14,
        4.150215524780585e-15,
        1.20550034601117e-14,
        4.876906959080688e-15,
        -1.2369903081641745e-14,
        -1.1441352915591612e-14,
        3.928170919855554e-15,
        -1.0367464462681461e-14,
        2.6072073792833677e-14,
        -7.686780505041084e-15,
        -4.1381040008755835e-15,
        2.745278751800387e-15,
        1.9887122252012804e-14,
        4.715419973680665e-15,
        7.339583486431035e-15,
        1.653626730496233e-14,
        3.3306690738754696e-15,
        1.8470073955127605e-14,
        -3.33470624851047e-15,
        4.25498020655885e-14,
        -2.1017531149812964e-14,
        2.5908568220116154e-14,
        -1.589031936336224e-14,
        7.355732184971037e-15,
        1.6786572132332366e-14,
        2.1397025565503017e-16,
        -7.0731299605209975e-15,
        -1.2012613126444194e-14,
        -8.274189414433667e-15,
        -4.3722601297056166e-15,
        2.34156128830033e-14,
        1.0662178211036503e-14,
        1.772521523497e-14,
        1.5060679975869624e-14,
        6.587745500623173e-13
    ],
    "score_stds": [
        100.61709957266325,
        67.08319619604282,
        51.70116401303504,
        37.454517470007055,
        27.136537815240818,
        26.161680476327575,
        20.89352509658319,
        16.77044422853742,
        15.078746776333173,
        12.166041919685753,
        11.410852160823083,
        9.941676038126577,
        7.975810367642468,
        7.295739290518285,
        6.403706969362716,
        5.927479889058355,
        5.414480826579393,
        4.894501287823143,
        4.6085368946965986,
        3.8840029426091647,
        3.329743492803951,
        3.2015099308352757,
        2.8946310994737767,
        2.692469187214959,
        2.5039926850781145,
        2.379668077216233,
        2.257978639728225,
        2.1111447389716607,
        2.0425128937710992,
        1.9156963797006312,
        1.8447428718800916,
        1.741792428745832,
        1.6528393309267444,
        1.5065151755416673,
        1.4364011286182563,
        1.4165659917647588,
        1.3438460274123565,
        1.2281518851255282,
        1.1617464658068746,
        1.1441139813915375,
        1.08680696787948,
        1.0324254500236985,
        0.9670211383861149,
        0.9565592562962474,
        0.9218017167245671,
        0.8713705412881418,
        0.8475992878091043,
        0.7893775635490174,
        0.7758680411200608,
        0.7134399543951934,
        0.6968473720379236,
        0.6506055415689254,
        0.6172594753294124,
        0.5827185217684596,
        5.736837234201248e-15
    ]
}