{
    "score_means": [
        1.3284059842471439e-14,
        1.374745727883672e-14,
        1.5909978648541375e-14,
        3.197442310920451e-14,
        2.2243076945533572e-14,
        6.835112186387921e-15,
        -5.589731576156223e-15,
        -1.544658121217609e-15,
        -1.1391853643979866e-14,
        5.2344602082761725e-14,
        4.753685368047192e-14,
        3.089316242435218e-15,
        -1.4674252151567287e-15,
        -4.042659926624211e-14,
        -6.3717147500226374e-15,
        -6.313790070476977e-15,
        -3.70524866827074e-14,
        -1.567827993035873e-14,
        -4.9622142144115696e-15,
        3.720695249482916e-14,
        -3.6164308263007275e-14,
        -1.567827993035873e-14,
        1.2357264969740872e-15,
        1.1893867533375591e-14,
        -9.055558235638233e-15,
        -3.3596314136483e-14,
        2.2436159210685772e-14,
        2.345949521599244e-14,
        -2.9005783282489414e-14,
        1.1440124210267917e-14,
        -3.493340882266199e-14,
        -2.0949425769013822e-14,
        2.2860940194020615e-14,
        4.4862664308113934e-14,
        -2.2045167623752564e-14,
        -1.6685928001621782e-14,
        -1.011751069397534e-14,
        -1.3037879954402382e-14,
        6.528594090458801e-15,
        2.4662035698643492e-14,
        -1.7353268580554077e-15,
        2.1234222110113322e-14,
        5.551115123125783e-15,
        -1.9520617006887536e-14,
        -4.009835941548337e-14,
        -6.659875700437931e-13
    ],
    "score_stds": [
        78.73539891343212,
        47.306543906711674,
        33.681300187184846,
        30.57337301383386,
        22.63608397931763,
        19.552693213764922,
        17.79446380766844,
        15.874236182262656,
        15.310704100078956,
        11.711113476438532,
        10.917816389993213,
        9.82112715960907,
        9.226238732361558,
        8.162253961848474,
        7.248533223964946,
        5.839500311889754,
        5.504673102328394,
        5.132015923058943,
        4.783208669957811,
        4.303385542528523,
        3.9683393680054593,
        3.7920543720063913,
        3.481613517602472,
        3.0919694133954954,
        3.0262396749404603,
        2.9145070649982,
        2.7739274326747774,
        2.7355439867124844,
        2.4800114715618293,
        2.4231856957120104,
        2.087476300271981,
        1.9347264479369926,
        1.8673571214602136,
        1.7980558999042937,
        1.6156345097565394,
        1.6008646172125403,
        1.499517122825252,
        1.3991308992369482,
        1.3042700854114861,
        1.1852134594683703,
        1.130045228455325,
        1.0595460649978017,
        0.9868775433461461,
        0.9276821265135171,
        0.880312450932555,
        5.204735170176787e-15
    ]
}