{
    "score_means": [
        4.6494209448650035e-14,
        -8.186688042453328e-15,
        3.089316242435218e-16,
        4.220778316227117e-14,
        -4.927459406684173e-14,
        2.228169339856401e-14,
        1.2820662406106156e-14,
        1.6720924162180618e-14,
        -5.632209674489707e-14,
        -5.1746047060789904e-14,
        -1.351575856065408e-15,
        2.8141740145933318e-15,
        4.180231040545155e-14,
        -1.3438525654593199e-14,
        2.060187769173986e-14,
        6.271311972143492e-14,
        -1.4413591093611816e-14,
        1.3255097502698609e-14,
        1.69912393333937e-14,
        -8.59216079927295e-16,
        5.2349429139390536e-14,
        2.915542203798237e-15,
        -3.707179490922262e-15,
        5.655138193476531e-14,
        2.5091040356528538e-14,
        1.4056388903080242e-14,
        2.2774053174702123e-14,
        4.224639961530161e-14,
        2.0688764711058353e-14,
        -6.333098296992197e-15,
        -7.205588782648707e-15,
        -6.907518035819996e-15,
        1.9882646254047912e-14,
        -1.0870531528068925e-14,
        -2.4521447674329543e-15,
        4.414825992705079e-14,
        1.5113514304788543e-14,
        3.1845299344383973e-14,
        8.453382921194807e-15,
        8.181860985824524e-16,
        -4.72303355845428e-14,
        1.53596941928576e-14,
        3.7443478269640604e-14,
        7.385396642071693e-15,
        3.715868192854111e-14,
        -7.149703534528716e-13
    ],
    "score_stds": [
        84.17163563502689,
        24.79726635388867,
        18.35131249024781,
        13.986786933459781,
        9.771590763157603,
        9.5562313790681,
        7.655514446654005,
        7.28535414376081,
        6.829079669832637,
        6.354413316105087,
        5.962603520701506,
        5.475289960816849,
        5.290531796444709,
        5.000562203190508,
        4.684414166254098,
        4.385192911338656,
        4.197996705716806,
        3.678383930673129,
        3.6009617260609814,
        3.4843452491107576,
        3.049475593601564,
        2.9630684624497654,
        2.8451557031399632,
        2.647607890619111,
        2.6184361737439654,
        2.3543334423627225,
        2.156041340332384,
        2.078806412062718,
        1.972341965779188,
        1.8720172599307108,
        1.8028641049640612,
        1.6117382408137126,
        1.55819016492983,
        1.4865362326692118,
        1.4305805048539522,
        1.4205243858109324,
        1.2724397249333383,
        1.1699244649619618,
        1.1378187432792084,
        1.074298000513324,
        1.032972799627586,
        0.9321312586338214,
        0.8711531999778593,
        0.8385314488152262,
        0.7815884375362713,
        4.595891768526268e-15
    ]
}