{
    "score_means": [
        1.0464356653921475e-14,
        -2.4868995751603505e-15,
        3.7917144171925344e-14,
        -8.074349270001139e-15,
        -2.5999404649403666e-14,
        1.0464356653921475e-14,
        7.751375299201092e-15,
        4.198661620400592e-15,
        1.368703130631068e-14,
        -1.049665405100148e-14,
        -6.7501559897209515e-15,
        2.984279490192421e-14,
        1.0464356653921475e-14,
        1.0690438433481508e-14,
        8.978676388241266e-15,
        -9.043271182401275e-15,
        4.101769429160578e-15,
        3.179678742526448e-14,
        -4.574118861455645e-14,
        8.623405020361216e-15,
        -1.84438323200001e-14,
        8.704148513061228e-15,
        2.0226244921352852e-14,
        1.3031999721781837e-14,
        -1.4977917895852112e-14,
        -1.5779297060899725e-14,
        -8.429620637881188e-15,
        -2.0387731906752874e-14,
        -7.444550026941049e-15,
        9.681144774731365e-15,
        -5.543040773855782e-15,
        1.4776059164102083e-15,
        -2.6269895349948705e-14,
        -3.29564658391684e-14,
        -1.326413726329437e-14,
        5.643970139730796e-15,
        2.568450502787362e-14,
        5.5127619640932775e-15,
        1.7965427125752533e-14,
        -2.285040843410322e-14,
        -1.2725174449521795e-14,
        -9.29155742245381e-15,
        3.6697917432155176e-14,
        3.1459683343241935e-15,
        3.101963130802687e-14,
        -1.6913743133334885e-14,
        -1.4507587050874547e-14,
        -1.5648088885262206e-14,
        2.7256984548206342e-14,
        -1.6824925291364872e-15,
        7.684761917723584e-15,
        1.0973040657931548e-14,
        3.542620742212999e-14,
        2.361747161475333e-15,
        8.687667063018106e-13
    ],
    "score_stds": [
        88.47934976142629,
        23.98216397797123,
        20.2541287324409,
        15.897547442481002,
        11.582401955037113,
        8.727984308115404,
        7.98847636519601,
        6.993297190487789,
        6.447359511836301,
        6.328515555387424,
        5.668725360445556,
        5.465428451478607,
        5.167403437333523,
        4.990024428331318,
        4.911553396715002,
        3.9955084146653173,
        3.672607528607902,
        3.5421038200953885,
        3.422595540799076,
        3.2926617576002117,
        3.0021033886696435,
        2.9708334623539003,
        2.7286888663272766,
        2.5736874371635214,
        2.5053665193562384,
        2.281907135676341,
        2.2605005156994613,
        2.014694976326613,
        1.8791047383346817,
        1.8643661865566428,
        1.7896392540226531,
        1.6039338338379248,
        1.5708091235402482,
        1.4735588359899956,
        1.334335242021499,
        1.3196524038496622,
        1.2837847120426387,
        1.2500382714715819,
        1.1179256002108384,
        1.0950753642985813,
        1.042836053331859,
        0.9960778905343386,
        0.9538766289758528,
        0.9239099325786287,
        0.8886034426461132,
        0.8749906469578568,
        0.8590442426447703,
        0.7946445267542332,
        0.7576942764605062,
        0.7178071106174256,
        0.6730094614209328,
        0.6623253795634771,
        0.6492421682423547,
        0.6249595820286628,
        4.362938793073663e-15
    ]
}