{
    "score_means": [
        -5.716639283160806e-14,
        -3.4493620081444863e-14,
        -1.1788549934201663e-14,
        -2.4933590545763517e-14,
        -1.1820847331281666e-14,
        1.98528062676153e-14,
        2.050884714580289e-14,
        -2.0734928925362922e-14,
        -1.0593546242241494e-14,
        -1.1691657742961649e-14,
        1.9883085077377804e-14,
        2.247898836768317e-14,
        1.177240123566166e-14,
        1.516362792906214e-14,
        -1.440463909768203e-14,
        -1.6859241275762376e-14,
        1.4146259921041995e-14,
        1.524437142176215e-14,
        1.509903313490213e-14,
        2.708439533256007e-14,
        -3.988728539380563e-15,
        2.4844772703793503e-14,
        2.1800743029003074e-15,
        3.537372415187499e-14,
        -9.093735865338782e-15,
        1.0012193094801412e-14,
        -5.0464682937507114e-15,
        1.760208140860248e-14,
        3.914444526096552e-14,
        1.411396252396199e-14,
        1.8474111129762605e-14,
        -1.77393453461925e-14,
        1.653626730496233e-14,
        1.1453464439496614e-14,
        -1.1440343621932863e-15,
        -1.0900371514501537e-16,
        3.3589292963204735e-15,
        1.767475055203249e-14,
        6.911642975120975e-15,
        2.787265368004393e-14,
        -1.0641992337861501e-14,
        -1.9487441963147748e-14,
        -1.3090538753989345e-14,
        -7.7957842201861e-15,
        -2.5876270823036147e-14,
        -1.1945999744966684e-14,
        1.4388490399142028e-14,
        2.2943263450708235e-14,
        3.100550119680437e-15,
        -6.467553765270912e-15,
        -2.219234896859813e-14,
        3.0914664767516857e-15,
        -4.014970174508066e-15,
        -2.2604140781368187e-14,
        6.873400838390932e-13
    ],
    "score_stds": [
        105.154987477103,
        24.322061596049853,
        19.45997732101928,
        17.066617523654077,
        12.717657154331405,
        10.049894192638424,
        9.680568188388927,
        8.90008640785891,
        7.817541687887234,
        7.358192564434231,
        7.198748793446773,
        6.413858242870376,
        6.187631997504011,
        5.477522337164775,
        5.306772517132781,
        4.918981249077829,
        4.5203282319564915,
        4.305033762677863,
        4.082903227497957,
        3.833599761284975,
        3.5833338542538318,
        3.4698170196822327,
        3.301656106792204,
        3.041466769362367,
        2.9334922460163693,
        2.837740064918077,
        2.735889013400429,
        2.508269356215714,
        2.4753663367785395,
        2.246522173783054,
        2.0606680794414456,
        2.0294312779572414,
        1.8763925776844452,
        1.7909119160968563,
        1.6721597399208612,
        1.5862542286318277,
        1.5533841027186064,
        1.495047702048428,
        1.3951623549651122,
        1.356571053970812,
        1.2842201876047454,
        1.2136778105784032,
        1.145666488845799,
        1.095662606318786,
        1.071487276089364,
        1.035848405930464,
        0.9660590904426865,
        0.928533099378842,
        0.8896438541350649,
        0.8514797561216865,
        0.8304161356795486,
        0.7452836784674354,
        0.7317995003075494,
        0.679706090580859,
        2.6227290017129836e-15
    ]
}