{
    "score_means": [
        -3.243782054556979e-14,
        2.3787735066751182e-14,
        -2.4714529939481745e-14,
        -1.8922061984915712e-14,
        -8.959017103062133e-15,
        1.011751069397534e-14,
        1.3090977577319238e-14,
        2.179898773568351e-14,
        -9.808579069731817e-15,
        -1.9848856857646278e-14,
        2.5148965036074196e-15,
        -7.559170680708674e-15,
        2.0949425769013824e-15,
        -1.4346012300808543e-14,
        7.892237588096222e-16,
        6.115880748695971e-15,
        1.2743429500045274e-15,
        7.274374339609178e-15,
        -5.6573103689594936e-15,
        8.413559704007164e-15,
        1.2424843762544144e-14,
        1.8470732190122442e-14,
        9.518955672003516e-15,
        -7.028194451540121e-15,
        -1.4387042282153387e-14,
        -2.9541586568286775e-15,
        -2.1895528868259608e-14,
        -1.3863306637928041e-14,
        -1.2376573196256093e-14,
        5.2518376121398706e-15,
        -2.4328365409177345e-15,
        1.0025796618028044e-14,
        3.2959142661480735e-14,
        -2.4424906541753444e-15,
        8.205996268968549e-15,
        -8.066011626733203e-15,
        -9.142445254956723e-15,
        2.971053355029495e-15,
        5.551115123125783e-15,
        -1.0088548354202509e-14,
        -2.2955067798282314e-14,
        4.522952061190312e-15,
        -4.3081480412084875e-15,
        -2.1215818956716002e-14,
        4.6267337787096194e-15,
        -5.816656033641937e-13
    ],
    "score_stds": [
        122.55714310392536,
        22.615324129959127,
        20.086481298401683,
        16.297077566282237,
        13.211476127814073,
        12.803928163470896,
        10.349165515193475,
        9.225392654165109,
        8.541387563594824,
        7.996322323644035,
        6.917782662758255,
        6.602920905278695,
        6.154030371366098,
        5.541904750632808,
        5.445940933760402,
        5.141081598618845,
        4.730974167390741,
        4.314617366796189,
        4.093395011908711,
        3.992615333275841,
        3.850629449313215,
        3.355135108626994,
        3.239146561432393,
        3.069374006313794,
        2.979235672853785,
        2.634704256147905,
        2.5391816766645,
        2.3658098391250086,
        2.307934185731017,
        2.109782357525857,
        2.0276644696939217,
        1.887546649900444,
        1.8579583719922526,
        1.7532743012873149,
        1.70943686208582,
        1.6285651081612231,
        1.5098891769691147,
        1.400395711714865,
        1.355334485269921,
        1.2102433553851135,
        1.1695820716413865,
        1.0798468463678172,
        1.0522339734836088,
        0.9596320481886332,
        0.9355604510816071,
        8.130213806049282e-15
    ]
}