{
    "score_means": [
        3.290121798193507e-14,
        2.4405598315238225e-14,
        -1.6373376084906657e-14,
        -7.182660263661883e-15,
        -8.823859517455592e-15,
        3.158825857890011e-14,
        -3.596157188459746e-15,
        -3.232197118647847e-14,
        1.869036326673307e-14,
        2.7958311994038726e-14,
        1.265171542409798e-14,
        -7.0668109045705615e-15,
        -8.109455136392447e-16,
        2.071772705083118e-14,
        -1.6605074803089297e-14,
        1.8342815189459107e-15,
        2.1103891581135584e-14,
        1.0619524583371063e-14,
        1.2135220364815841e-14,
        2.6210917494411304e-14,
        -2.7687996822825644e-14,
        -6.7482251670694295e-15,
        -9.094174688668674e-15,
        5.96141493657421e-16,
        1.6103060913693575e-14,
        -6.3234441837345875e-15,
        1.1666995871821753e-14,
        -3.585537663876375e-14,
        4.1319604742571045e-15,
        2.5279295565051933e-14,
        -1.8656573870331435e-14,
        2.0080555575828917e-15,
        -1.883517496559722e-14,
        9.096588216983077e-15,
        5.444919877292072e-15,
        6.111053692067166e-15,
        1.2318648516710433e-14,
        1.259379074455232e-14,
        2.1718134537151025e-14,
        8.959017103062133e-15,
        -7.778801757319303e-15,
        -2.172175482962263e-17,
        -4.394431678448378e-15,
        -1.2312916386963727e-14,
        -2.328692794151266e-14,
        6.691947720598349e-13
    ],
    "score_stds": [
        75.23434625094843,
        24.541686559077398,
        15.480027358813931,
        13.717904959907719,
        11.08671588592928,
        10.845296806244844,
        9.073461434231,
        8.643443278471901,
        7.7825916307802,
        7.679242499137724,
        7.211692124409188,
        6.467967863908915,
        5.815346429392015,
        5.246079699036198,
        4.848548078058645,
        4.592192392966544,
        4.430972133116847,
        4.365874225193565,
        3.790569449734724,
        3.5175363647617264,
        3.3945961806680343,
        3.2057071014373997,
        3.0467695540494386,
        2.868450761672102,
        2.847820682583263,
        2.68797480812027,
        2.6619199876846085,
        2.49630867785891,
        2.2704344930163884,
        2.1914520869641416,
        2.0847012785643977,
        1.8938389446010224,
        1.8595390863520116,
        1.8381768285176232,
        1.6340879457420447,
        1.6052095688956294,
        1.5136690891687943,
        1.4515364349648614,
        1.4325133919123525,
        1.3533432255926772,
        1.2888136384108264,
        1.2103880196161811,
        1.0910013342456546,
        1.0742721332416338,
        0.9433402545142628,
        2.669052396119744e-15
    ]
}