{
    "score_means": [
        8.061430311169137e-14,
        -1.0617769290051498e-14,
        -6.285073471768886e-14,
        5.997626637756846e-14,
        2.490129314868351e-14,
        1.1869293426901673e-14,
        -1.743252007393246e-14,
        -4.993177588568704e-14,
        -1.660086209912234e-14,
        -3.467125576538489e-14,
        3.6770586575585183e-14,
        -4.53778428974064e-14,
        7.212816202892017e-14,
        -4.167171658247588e-14,
        -5.264475724040743e-15,
        -2.1090200293242974e-14,
        -4.360148605800615e-15,
        -4.0307151555845684e-14,
        -3.751746388306029e-14,
        -2.155851255090304e-14,
        2.171999953630306e-14,
        -3.8960753815072994e-14,
        -2.1033679848352967e-14,
        -1.006063919042142e-14,
        -1.227301089040173e-15,
        -3.187349374332949e-14,
        1.339332685161439e-15,
        8.80104070430124e-15,
        -1.729121896170744e-14,
        2.8026066316173952e-14,
        5.7489366802408105e-15,
        -1.517170227833214e-14,
        -4.96269692007445e-14,
        -7.7937656328686e-15,
        3.3238058769959686e-14,
        -3.97056125352306e-15,
        2.2115642650533117e-14,
        1.0537025797351485e-15,
        2.2614233717955688e-14,
        -2.0472512574087887e-14,
        1.859724495613012e-14,
        3.305638591138466e-14,
        7.192731259082889e-15,
        -7.597962663071071e-15,
        -8.728371560871231e-15,
        -4.053323333540571e-15,
        2.6205300555788694e-14,
        -1.2018668888396694e-14,
        1.1231419834571583e-14,
        5.060598404973213e-15,
        4.1623018163441184e-14,
        -2.2534499518914427e-14,
        3.40454936969598e-14,
        -2.3577099868403326e-15,
        7.567779105397611e-13
    ],
    "score_stds": [
        69.39737792347854,
        24.662166411633944,
        15.802750154976266,
        13.01919749657666,
        12.522459147028902,
        10.85447749079963,
        9.333825098755415,
        9.07052997208068,
        7.859217561608378,
        7.134371915558165,
        6.527570822583974,
        6.266544748104307,
        5.732432556299261,
        5.6712778077013475,
        5.15884945324507,
        4.83460593619537,
        4.577300341953926,
        4.3996223810592925,
        3.9544066604844152,
        3.7531758518073444,
        3.61860174406285,
        3.4246515002522506,
        3.18724635657044,
        3.0526798541715054,
        2.954534265789564,
        2.8303455441173297,
        2.711064553565356,
        2.64150973739403,
        2.499049459192654,
        2.3285346502145186,
        2.2290313652940683,
        2.1688069433094896,
        2.0837907100812516,
        1.9415923700125461,
        1.885629287636484,
        1.7534980259152115,
        1.6973816469642553,
        1.6286971626853268,
        1.5895795030201285,
        1.4982718455776198,
        1.4391092227428084,
        1.332337145879154,
        1.3038250022100744,
        1.242732828687371,
        1.1815940139499126,
        1.1317719751727,
        1.0820679215031155,
        1.0644196535900763,
        0.9924485292645235,
        0.9784833944132572,
        0.9196506254167482,
        0.8997058903802537,
        0.8430282436498844,
        0.822341129233529,
        3.5501625342882814e-15
    ]
}