{
    "score_means": [
        5.560769236383393e-14,
        1.884482907885483e-14,
        -5.2518376121398706e-15,
        -1.4133621809141123e-14,
        -3.232197118647847e-14,
        6.101399578809556e-15,
        -4.570257216152601e-14,
        1.4558402792475965e-14,
        3.4407259650122243e-14,
        6.136154386536952e-14,
        3.050699789404778e-14,
        -1.0349209412157981e-14,
        -2.201137822735093e-15,
        6.333098296992197e-15,
        -5.329070518200751e-15,
        1.3438525654593199e-14,
        -4.267118059863645e-15,
        1.522695013556546e-14,
        -3.031391562889558e-15,
        -5.908317313657355e-15,
        1.0228532996437856e-14,
        7.163352037146662e-15,
        -1.1261523115002132e-14,
        -1.525349894702389e-15,
        -6.391022976537858e-15,
        -1.0619524583371063e-14,
        7.858448191694586e-15,
        -3.946601499710991e-14,
        -6.313790070476977e-15,
        -3.761242525164878e-14,
        -1.1966273382807665e-14,
        -3.505408523838212e-14,
        -3.4513454895955954e-16,
        1.9578541686433196e-14,
        -3.833165668934073e-14,
        2.075634350386162e-15,
        -1.6556804236801247e-14,
        -2.226238517204879e-14,
        -8.360462081090309e-15,
        -1.4172238262171564e-14,
        1.0426442318218862e-14,
        1.954475229003156e-14,
        2.925196317055847e-14,
        5.2373564422534555e-15,
        -2.7060479461080988e-14,
        -7.103391697313323e-13
    ],
    "score_stds": [
        88.15203499815264,
        51.69231180894462,
        25.87485726662571,
        24.917783205537955,
        23.737718085200406,
        17.925192175551086,
        14.532153975685887,
        13.609836706848698,
        11.883925804815886,
        11.432051130618314,
        10.009218780969487,
        9.463483921932726,
        8.98127901444097,
        8.306279370831557,
        7.834040161268176,
        7.55349239813798,
        6.669227612180574,
        6.273904285153457,
        5.967369716994283,
        5.805905518100918,
        5.765006975490057,
        5.362047045471836,
        4.616805401082748,
        4.4256911373950025,
        4.278943026050035,
        4.085823915717694,
        3.8799955213230906,
        3.5218753890614907,
        3.3827276965205404,
        3.2694315479702354,
        3.1447847258190773,
        2.96121621439777,
        2.7977381507549706,
        2.5993876361308663,
        2.5159647516772514,
        2.397253559161116,
        2.3140488774782897,
        2.217571015043282,
        2.1786567040346965,
        1.9661984836236488,
        1.8019081399450456,
        1.7059268356800013,
        1.6356600616597206,
        1.5142192238208194,
        1.3797072945929587,
        2.505758972247059e-15
    ]
}