{
    "score_means": [
        -2.4029263427523388e-14,
        -1.4921397450962105e-14,
        9.979895697721407e-15,
        4.622564957075652e-16,
        4.828460863460681e-15,
        9.228981215611301e-15,
        -2.6645352591003757e-15,
        -2.843785812894401e-14,
        -2.9875092299004213e-15,
        -2.0185873175002848e-15,
        6.435256368190907e-15,
        -2.2156014396883124e-14,
        -3.746498061280528e-15,
        -6.66537532238594e-15,
        2.4586393527153466e-15,
        -6.87934557804097e-15,
        -4.11388095306558e-15,
        4.198661620400592e-16,
        -2.05653675906929e-14,
        -3.824819249199539e-14,
        2.019394752427285e-14,
        -7.989568602666127e-15,
        -1.808654236480255e-15,
        -1.7604099995919982e-14,
        1.8635598115162627e-14,
        5.635895790460795e-15,
        -9.15631207218129e-15,
        3.297564241868465e-14,
        -1.0876148466691534e-14,
        1.4130111222501992e-14,
        -1.0625843639321498e-14,
        -2.0524995844342894e-14,
        5.39366531236076e-15,
        1.5212074024682146e-14,
        -2.3233940024428277e-14,
        -1.3564906773601913e-15,
        7.283063041541026e-15,
        -1.6865297037714878e-14,
        -2.406156082460339e-15,
        6.16880284228087e-15,
        -1.2434497875801752e-15,
        -2.2438616621333162e-14,
        -1.3431680010646894e-14,
        -1.6411114891277313e-15,
        2.7842374870281426e-14,
        -1.780797731498751e-14,
        2.6314304270933712e-14,
        -7.004497991725988e-15,
        -1.673812603671236e-14,
        -2.637082471582372e-14,
        -2.668168716271876e-14,
        -1.4097813825421988e-14,
        -2.8361151810879e-14,
        -1.5260520120302152e-15,
        -7.657527389959285e-13
    ],
    "score_stds": [
        78.78066231182953,
        52.5169422865301,
        48.94337353148307,
        26.05044725324138,
        23.024939196132568,
        19.747009174134906,
        17.02888798248731,
        12.81264074458094,
        10.418731800814685,
        10.115596654261212,
        9.293316598273439,
        9.050516334072435,
        7.94146212405517,
        7.830388146635956,
        7.178173300227975,
        6.717513669278737,
        6.499077250536554,
        6.155190595479417,
        5.550408595672896,
        5.202900942145399,
        4.793901206075586,
        4.619513648774717,
        4.525535733752683,
        4.269814115791219,
        4.151867516201631,
        3.697084655397757,
        3.5207074710637656,
        3.375973838302904,
        3.276579377851877,
        2.9516383900527177,
        2.858309713779346,
        2.8301968859074966,
        2.620753113553833,
        2.4670223208920103,
        2.4177090371056837,
        2.2658162520770135,
        2.2012613789831788,
        2.168677352358151,
        1.9908828536647356,
        1.946460172216774,
        1.8467447405625126,
        1.8310158422941438,
        1.7246359130888311,
        1.6231529173962904,
        1.5326203498122932,
        1.4270769174982763,
        1.394983237393453,
        1.3210557169479726,
        1.2710328690161357,
        1.2205892476751374,
        1.1264269226965549,
        1.0502325549060831,
        0.9997946741561984,
        0.8827047229743309,
        3.0027871586527555e-15
    ]
}