{
    "score_means": [
        -1.3901923090958482e-14,
        -3.205165601526539e-15,
        -8.618709610731379e-15,
        -3.39824786667874e-15,
        -6.526180562144398e-15,
        1.4577711018991186e-15,
        -8.37977030760553e-15,
        1.530176951331194e-14,
        -5.3097622916855316e-15,
        -1.524384483376628e-14,
        -4.489162664788676e-15,
        1.0812606848523264e-14,
        -9.364489859881755e-15,
        -6.120707805324776e-15,
        -9.847195522762258e-15,
        3.3210149606178597e-15,
        4.6146661371376076e-15,
        4.2236745502044e-15,
        1.1736988192939427e-14,
        -1.019474360003622e-14,
        -2.3348472913529924e-14,
        -4.827056628805028e-17,
        -2.4318711295919733e-14,
        7.723290606088045e-17,
        1.7073299296083387e-14,
        9.296911067078485e-15,
        -1.7046750484624958e-14,
        -4.519331768718708e-15,
        -1.0745028055719993e-14,
        -4.643628476910438e-15,
        1.9066873683779863e-15,
        1.7705643714456844e-14,
        1.104913262333471e-14,
        -2.2238249888904767e-14,
        8.123936306278863e-15,
        -1.9404767647796216e-15,
        1.187455930686037e-14,
        2.6741893723579856e-15,
        1.1893867533375591e-14,
        2.2235836360590365e-14,
        -8.640431365561e-15,
        -1.9308226515220114e-14,
        4.3443509659245256e-15,
        5.341138159772764e-15,
        -4.170576927287545e-15,
        4.999542446704197e-13
    ],
    "score_stds": [
        80.93255237734112,
        22.53811105945062,
        19.064222566049835,
        15.065321465630786,
        12.64014475276682,
        11.364791433331858,
        10.116454810317203,
        8.294920656631945,
        8.132026488864613,
        6.6654463599286045,
        6.3076123708732,
        5.778229218943814,
        5.481195326625938,
        4.849228365557418,
        4.598705912313312,
        4.267233632842678,
        3.85125117898778,
        3.5914354043344496,
        3.550909277049497,
        3.3224880093153875,
        3.039970838565096,
        2.7397338430089473,
        2.566887631011468,
        2.4568211500516526,
        2.3015103953160043,
        2.1646677094519458,
        2.057649947782979,
        1.8770656698169506,
        1.7980535536291213,
        1.6709474211934072,
        1.587114315799586,
        1.5104002281751743,
        1.4672566369634061,
        1.4313048767525007,
        1.37477924515835,
        1.306488119693958,
        1.2182630287675884,
        1.153164637313372,
        1.094430527487626,
        1.068911244742824,
        1.0011643565552262,
        0.8856559928555479,
        0.8521834692877908,
        0.7967946474984403,
        0.7836367236282719,
        2.9918438500485672e-15
    ]
}