{
    "score_means": [
        -4.2890943322246046e-14,
        -1.6584713400582338e-14,
        2.90676573720041e-15,
        1.5567345392562195e-14,
        -1.404129338053198e-14,
        -1.375869115608194e-14,
        9.979895697721407e-15,
        3.4493620081444863e-14,
        1.5341263613002163e-15,
        -2.2382096176443155e-14,
        1.718221524656242e-14,
        -4.0129515871905657e-14,
        3.0101174078564244e-14,
        3.6617173939455166e-15,
        -2.2797925163848214e-14,
        -5.0690764717067145e-14,
        -3.560788028070502e-15,
        9.035196833131273e-15,
        2.7452787518003872e-14,
        -2.0589590638502905e-14,
        1.2499092669961762e-14,
        -2.4836698354523503e-14,
        2.9764069996541696e-15,
        -3.3508549470504724e-14,
        1.4218929064472004e-14,
        -9.035196833131273e-15,
        3.2798006734744626e-14,
        -4.53778428974064e-15,
        -1.4575209726010805e-14,
        -1.170780644150165e-15,
        1.3003739499336833e-14,
        6.2750309998643226e-15,
        -4.109843778430579e-15,
        -6.370661574030898e-15,
        -4.5620073375506435e-15,
        -8.260059303211165e-15,
        -2.951982093112416e-14,
        1.6792627894284867e-14,
        -6.0335574920083506e-15,
        2.4229103571955918e-14,
        1.0415910558301468e-14,
        1.5772232005288474e-14,
        -4.840572387365683e-15,
        5.96088834857834e-15,
        1.3554813837014412e-14,
        -2.4669155607170977e-14,
        -7.981494253396125e-15,
        -3.482063122687991e-15,
        1.7223596286571179e-15,
        3.142738594616193e-14,
        5.857940395385826e-15,
        -5.0888586274182175e-15,
        6.2263325808296275e-15,
        1.4085702301516986e-14,
        5.672956107397295e-13
    ],
    "score_stds": [
        74.19039518991539,
        19.244018664786857,
        15.943241052245948,
        13.004774380995466,
        11.013950226194163,
        9.584196438968764,
        7.994861329672677,
        7.6390996182343125,
        6.515511847686738,
        6.035728069263907,
        5.614050851690001,
        5.547705921988097,
        5.172978281183212,
        4.970463158384531,
        4.452399754309087,
        4.069220692750954,
        3.6557101873940265,
        3.433985989287974,
        3.163825712704519,
        2.921498416189766,
        2.716523828599722,
        2.5371457531899333,
        2.4411702407514118,
        2.0830731345353364,
        2.014966644701959,
        1.9945601768156933,
        1.9401355911786535,
        1.8262452129255413,
        1.662501622225616,
        1.6294869170177462,
        1.6122526716961314,
        1.557100778095053,
        1.3371226086028836,
        1.3128057919686247,
        1.2120854698332901,
        1.1677842914577763,
        1.119802298778949,
        1.097302625415828,
        1.0427695278034963,
        0.9994203932204407,
        0.977899952915358,
        0.9475355790624788,
        0.9127134447436569,
        0.8814746757944135,
        0.8514095215799279,
        0.8020986722877251,
        0.7531143696475668,
        0.7484394358997158,
        0.7363610592671467,
        0.6748737577804922,
        0.6527345684404577,
        0.6135235354964312,
        0.5970484329919041,
        0.5612249594376268,
        2.6055541308879927e-15
    ]
}