{
    "score_means": [
        -5.710179803744806e-14,
        -1.9055464277202687e-15,
        1.750518921736247e-14,
        -9.761888267431376e-15,
        -2.448142698664345e-14,
        2.903535997492409e-14,
        4.973799150320701e-15,
        -4.4247433999606236e-15,
        -2.4287642604163423e-14,
        3.3659943519317244e-15,
        -2.1316282072803005e-15,
        2.2737367544323207e-14,
        1.4856802656802094e-14,
        -9.333947756121317e-15,
        -6.055761952500854e-15,
        -3.746498061280528e-15,
        -9.64884737765136e-15,
        1.4356193002062025e-14,
        5.95886976126084e-15,
        5.345219216740754e-15,
        -1.5300891866652157e-15,
        -3.241851231905457e-14,
        2.5421079382939834e-14,
        -5.296773121120747e-15,
        1.858917060686012e-14,
        1.20509662854767e-14,
        2.6120519888453683e-15,
        7.347657835701036e-16,
        9.979895697721407e-15,
        1.2866475561746814e-14,
        3.7629495479181556e-14,
        -3.652633751016765e-15,
        -9.109884563878784e-15,
        -1.8062319316992546e-14,
        3.4194869158454822e-15,
        3.0646192654289324e-14,
        1.523629707249215e-14,
        8.161148524653651e-15,
        4.1227627372625816e-14,
        8.36098866908618e-15,
        -2.6924926934477548e-14,
        -1.652213719373983e-14,
        1.3860629815615704e-14,
        5.066654166925714e-15,
        -5.571300996300785e-15,
        -1.7904869506227526e-15,
        -8.542661527661205e-15,
        -2.3243023667357026e-14,
        1.2291178176259232e-14,
        -4.0977322545255775e-15,
        -8.525503535462453e-15,
        1.2438535050436753e-14,
        1.3007776673971833e-14,
        -1.0723745124220262e-14,
        8.00940816195447e-13
    ],
    "score_stds": [
        113.11353570539752,
        23.402652171718536,
        19.308730022171808,
        14.713956221914303,
        12.48933265891189,
        10.136363969630553,
        8.995669484865187,
        8.66363430801242,
        7.6096544893789,
        7.15481071650307,
        6.725961152862548,
        5.804275057542697,
        5.727713010413923,
        5.202233789580221,
        5.117527194960242,
        4.565021646293283,
        4.369317835271994,
        3.9144054711252894,
        3.658220066653791,
        3.5734324229591676,
        3.2592173280238557,
        3.0639609264367778,
        2.8889615931158676,
        2.7474809370338216,
        2.696181384266936,
        2.5684481740441054,
        2.2907253348899967,
        2.271105170381841,
        2.0845743537257557,
        1.9694634500202488,
        1.91169196163297,
        1.882057295379974,
        1.698878052599942,
        1.6492447740157754,
        1.6170887865227674,
        1.4966585730048647,
        1.4399774513739878,
        1.3281306873674852,
        1.290120892410128,
        1.1913222698574364,
        1.1647734428302732,
        1.132032037246777,
        1.042949093032135,
        0.9994602993481047,
        0.9637146677727284,
        0.9292210881830422,
        0.8820817175719472,
        0.8502000698349748,
        0.8162043251978592,
        0.7419178381882892,
        0.7185356724481562,
        0.6882364888237287,
        0.6537875245531352,
        0.6345065006541476,
        6.260237397713334e-15
    ]
}