{
    "score_means": [
        1.1507703003071188e-14,
        -2.210791935992703e-15,
        1.872897971976351e-14,
        -1.193248398640603e-14,
        1.006924012768729e-14,
        2.1045966901589923e-15,
        1.675954061521106e-14,
        -4.587634620016299e-14,
        3.703317845619218e-14,
        9.306565180336094e-15,
        1.537900241937282e-14,
        1.3983983053648168e-14,
        -1.9501308780372315e-15,
        1.2193145044361501e-14,
        2.8986475055974195e-14,
        -4.5104017139554184e-14,
        6.448947656083518e-15,
        -2.736941108532451e-15,
        6.410331203053078e-15,
        1.1507703003071188e-14,
        1.1169809039054835e-14,
        1.3731165962714504e-14,
        4.2352594861135316e-14,
        2.145626671503835e-15,
        1.211591213830062e-15,
        -1.0320247072385151e-14,
        1.783597424343458e-14,
        -6.516526448886789e-16,
        4.4650273816446515e-15,
        -7.134389697373832e-15,
        2.1412823205379107e-14,
        -1.3935712487360117e-14,
        9.972698995111188e-15,
        -2.1185348161746668e-14,
        1.5815247662201076e-14,
        -3.972667605506538e-15,
        4.228501606833205e-15,
        -1.3510931504025275e-14,
        5.454573990549682e-16,
        -3.440484612180784e-15,
        -9.57084653076317e-15,
        -8.55354434624251e-15,
        -2.5329979659654387e-15,
        3.4609996028532055e-15,
        3.8616453030440226e-16,
        7.598818917093522e-13
    ],
    "score_stds": [
        110.07809660478844,
        19.907604928643106,
        16.364199612370548,
        13.48336617098952,
        9.8317771270948,
        9.247057172643554,
        8.113216702268053,
        7.66418428226314,
        7.463594934952798,
        6.387177420497524,
        6.245904243471959,
        5.677378163749717,
        5.111906773516929,
        4.748701279258261,
        4.435548765387381,
        4.428239947119806,
        3.918097910327449,
        3.7494418412177657,
        3.5442183434243453,
        3.1940900610076985,
        2.925422823789928,
        2.8881068873342253,
        2.6595373196497296,
        2.544524179945591,
        2.4217409655598776,
        2.2754745115180124,
        2.2620962457049814,
        1.987347750680569,
        1.775704820715522,
        1.64672875775389,
        1.603354762818035,
        1.572361464058675,
        1.4628617322488995,
        1.392819175957492,
        1.3588100118357687,
        1.3180217614941658,
        1.2181394512524901,
        1.1894328474833837,
        1.064865199416122,
        1.03294513113178,
        1.0003297459075067,
        0.9417813059338647,
        0.9019208669058342,
        0.810595673646151,
        0.7903759511833287,
        3.2282774958379037e-15
    ]
}