{
    "score_means": [
        4.016111115165784e-14,
        7.144043810631441e-15,
        8.57285257275773e-15,
        5.560769236383393e-15,
        6.912345092448801e-15,
        -2.3169871818264137e-15,
        -3.929224095847293e-15,
        -1.1314620737918987e-14,
        8.997633556092573e-15,
        -7.047502678055342e-15,
        -8.109455136392447e-15,
        -1.4167411205542758e-14,
        -4.769131949259368e-15,
        -5.874527917255719e-15,
        -2.008055557582892e-14,
        -1.562759583575628e-14,
        -1.1498048889813577e-14,
        8.862475970486032e-15,
        1.8053191791730806e-14,
        -6.85442041290314e-16,
        2.334364585690112e-14,
        1.7358095637182883e-14,
        -5.792467954566034e-16,
        2.8286551844797468e-15,
        4.887394836665091e-15,
        4.817402515547418e-15,
        -1.011751069397534e-14,
        1.4925259096265148e-14,
        -1.0078894240944899e-14,
        6.820631016501505e-15,
        5.06840946024528e-15,
        -1.1584935909132068e-15,
        6.912345092448801e-15,
        -8.46665732692402e-15,
        -1.525349894702389e-14,
        9.605842691322007e-16,
        -5.1746047060789906e-15,
        2.5844061190622124e-14,
        2.2938173100081494e-14,
        -1.6141677366724016e-14,
        -7.916372871240246e-16,
        8.181860985824524e-15,
        -1.529090863589713e-14,
        9.306565180336094e-15,
        1.710708869248502e-14,
        -5.867622209366136e-13
    ],
    "score_stds": [
        102.4889525008624,
        38.194216047134056,
        22.951256078460396,
        21.584600937367586,
        16.205939272753913,
        14.065273191939822,
        13.035546152523239,
        12.639397268681545,
        9.832360521204096,
        8.83805598236277,
        8.238696123155828,
        7.904257034978431,
        6.833272012854179,
        6.323487438642881,
        6.044740794549048,
        5.801358164995109,
        5.324895802284058,
        4.8501579312976455,
        4.774930166002274,
        4.4195275475184275,
        4.263980443580991,
        3.858466128711388,
        3.706760596577831,
        3.579822720401223,
        3.3217180133910427,
        3.272481586746486,
        2.927981156802596,
        2.72693928960607,
        2.6493427334604,
        2.448901989567377,
        2.2200989621476612,
        2.123539925467197,
        1.9767387268863952,
        1.9276621772790854,
        1.8977016083602614,
        1.6576223897105957,
        1.5342073652657087,
        1.5164756895353704,
        1.400044333518851,
        1.3501908244600973,
        1.3215994232654489,
        1.229993908344588,
        1.145790273880027,
        1.0241015545908745,
        0.9542676725834444,
        3.2747842390771467e-15
    ]
}