{
    "score_means": [
        3.8046333760245364e-14,
        1.589031936336224e-14,
        3.4235240904804827e-15,
        1.7279107437802435e-14,
        1.162706294880164e-15,
        -4.263256414560601e-15,
        -1.4291598207902014e-14,
        9.317799057581313e-15,
        -1.6277888128322296e-14,
        1.0948817610121544e-14,
        -9.689219124001365e-16,
        -1.3887880744401958e-14,
        -2.858319641580403e-15,
        1.5066735737822125e-14,
        -4.780014767840674e-15,
        8.881784197001252e-15,
        -3.344395467634472e-14,
        1.397467999905447e-14,
        -9.689219124001365e-16,
        1.057739754370149e-14,
        3.505075018107494e-14,
        -2.0718780226822922e-14,
        -9.769962616701378e-16,
        1.1514022059021623e-14,
        -1.4630720877242063e-14,
        -1.553504799548219e-14,
        1.2797843592951804e-14,
        9.624624329841357e-15,
        -5.38962813772576e-16,
        1.3072371468131844e-14,
        -7.977457078761125e-15,
        -1.1223345485301583e-14,
        -3.0747122020164335e-14,
        -2.761427450340389e-15,
        -2.567239350396862e-14,
        -6.911642975120975e-15,
        1.2392107542134248e-14,
        -6.152654143740868e-15,
        -7.291137390811028e-15,
        -2.7707129520008907e-14,
        1.1078007198441562e-14,
        -7.02064669026599e-15,
        -5.805457125130818e-15,
        -1.814104422237506e-14,
        -4.368222955070616e-15,
        1.0928631736946541e-14,
        -5.010133722035706e-15,
        1.7489040518822466e-14,
        -1.1678536925397896e-14,
        -5.24832702550074e-16,
        -1.8466036780492602e-14,
        -2.164733039287305e-14,
        7.428401328401047e-15,
        1.8348958716077587e-15,
        6.301941252615215e-13
    ],
    "score_stds": [
        98.52386909074805,
        30.17135773986724,
        22.158249759827275,
        19.305464686581445,
        15.862200092845908,
        12.818092058091542,
        11.448128045732712,
        10.061727365652727,
        9.331977556444526,
        8.172479598792473,
        7.67905238951996,
        7.357218593887551,
        7.166454238843425,
        6.372638730236143,
        6.1960473465133745,
        5.849523485845448,
        5.677343561689547,
        5.376988981014815,
        4.758436551066297,
        4.593944944757708,
        4.0432997202747645,
        3.7036924221412444,
        3.3289097926054954,
        3.1999457167896614,
        3.0885136788808643,
        2.8747481597158955,
        2.8123749386216605,
        2.7185443829086866,
        2.390874664847009,
        2.2299179463668155,
        2.0977694981235837,
        2.050871380170779,
        1.9629830199310756,
        1.886686970917397,
        1.7451207461012521,
        1.6215604266230235,
        1.5755080778755262,
        1.4800414082858167,
        1.4058209693822927,
        1.3869212349676954,
        1.307174042801371,
        1.2441385621027752,
        1.1847663715456598,
        1.1437369469505276,
        1.0538024965644481,
        1.0103806651732057,
        0.9933703441561172,
        0.9592873429648405,
        0.8879159548459462,
        0.8614966475991959,
        0.835960030143693,
        0.7974378809687261,
        0.7464537692540518,
        0.6908929889699367,
        4.8527009905517656e-15
    ]
}