{
    "score_means": [
        -3.3912266934004783e-15,
        6.45947941600091e-17,
        6.863196879500968e-15,
        -5.5551522977607835e-15,
        -1.744059442320246e-14,
        -8.042051872921134e-15,
        -2.1964248601720598e-14,
        2.6903731767643792e-14,
        -3.1360772564684425e-14,
        9.01097378532127e-15,
        -1.1465575963401616e-14,
        1.6649308194742348e-14,
        -1.6336427160529805e-14,
        2.8340965937703997e-14,
        1.000411874553141e-14,
        1.1784512759566661e-14,
        -2.426341955635342e-14,
        1.0553174495891487e-14,
        -9.043271182401275e-15,
        1.7925055379402526e-15,
        -7.242691295191021e-15,
        -1.0981115007201548e-15,
        -1.0254423572901445e-14,
        7.124603937117254e-15,
        1.5197943913459644e-14,
        3.1449590406654435e-15,
        1.0658141036401502e-15,
        2.9729754012144195e-14,
        -8.405397590071185e-15,
        -2.042810365310288e-14,
        3.3330913786564697e-14,
        8.30043104956117e-15,
        5.409814010900763e-15,
        1.4453085193302037e-15,
        1.5373561010082167e-14,
        -7.0226652775834905e-15,
        1.0617769290051498e-14,
        -7.775598347011096e-15,
        -7.065055611250996e-15,
        8.260059303211165e-15,
        -3.552713678800501e-16,
        2.352411195131894e-15,
        -6.404977558428403e-15,
        1.3015851023241835e-14,
        3.2454846890769575e-14,
        -9.885022093798893e-15,
        -1.6974300752859895e-14,
        -5.070691341560715e-15,
        2.404137495142839e-15,
        8.823497488208431e-15,
        1.4977917895852111e-15,
        -7.220486834698518e-15,
        -2.1652376861166803e-14,
        -7.014590928313489e-15,
        4.853608676585514e-13
    ],
    "score_stds": [
        55.30418042324488,
        16.96499172031666,
        13.743293777620204,
        11.595878222384757,
        9.792244629713332,
        9.251682777894795,
        7.616386109983608,
        6.649041485695081,
        6.276613279619127,
        5.949159530386939,
        5.6325948835282365,
        5.035681910139385,
        4.732649035600983,
        4.492084596662039,
        4.324731998946864,
        3.89472969394334,
        3.4960108541054407,
        3.213497205812465,
        2.998634673950865,
        2.7994084001918402,
        2.7619547131648257,
        2.5807247211039677,
        2.399634339750699,
        2.2682047979002298,
        2.1209546963275723,
        1.9987044228445663,
        1.8483573411614098,
        1.7615170829102056,
        1.6634187992656237,
        1.5513101230647204,
        1.4258294064488286,
        1.3920502567279378,
        1.3866099661059197,
        1.301477630616805,
        1.2218936837883227,
        1.1768405339170123,
        1.1448756729363005,
        1.103251417340282,
        1.0550297514411513,
        1.0068827414600223,
        0.9463696133907266,
        0.9060148917160827,
        0.8631653199862694,
        0.839490022316907,
        0.8085325369264108,
        0.795700281251617,
        0.7820104670918336,
        0.7648288169232659,
        0.7508712628481166,
        0.7330264740272782,
        0.6713595389515888,
        0.6507925802971603,
        0.6309013282498728,
        0.6132877527378474,
        1.9043571393169488e-15
    ]
}