{
    "score_means": [
        -5.4922250322543615e-14,
        -1.7377403863698103e-16,
        -7.877756418209807e-15,
        -2.162521369704653e-15,
        3.058423080010866e-14,
        7.839139965179365e-15,
        2.9541586568286773e-14,
        -9.065212348895844e-15,
        2.2474775663716213e-14,
        -2.0988042222044263e-14,
        -2.896233977283017e-16,
        1.8323506962943888e-14,
        8.49561966669685e-15,
        -7.288855509495594e-15,
        8.688701931849051e-16,
        -4.004526179256652e-14,
        -4.730515496228928e-15,
        -1.845866454855043e-14,
        -4.9042895348659086e-15,
        -9.938909598709553e-15,
        7.163352037146662e-15,
        3.4754807727396205e-15,
        -1.7280862731122002e-15,
        1.709743457922741e-14,
        2.1770025395910678e-14,
        -3.85923177472962e-15,
        -1.8292131094856657e-14,
        1.3284059842471439e-14,
        1.0614697526742257e-14,
        -1.3824690184897601e-14,
        8.809378347569177e-16,
        -2.5086213299899733e-14,
        1.1937311043034835e-14,
        2.8163461900762937e-14,
        -1.208694979852779e-14,
        -2.219299623300972e-14,
        -1.3089770813162036e-14,
        1.1956619269550056e-14,
        -1.5687934043616344e-14,
        7.008886225024901e-15,
        -1.8994467834347786e-14,
        4.6846584582552804e-15,
        4.6846584582552804e-15,
        -1.773098576175807e-14,
        2.3495698140708475e-14,
        -4.901475888810635e-13
    ],
    "score_stds": [
        61.463038612439576,
        16.862583137474807,
        14.5544588215362,
        11.592001580528557,
        9.46867444873562,
        8.838897249872167,
        7.779718580608717,
        7.547912952556275,
        6.447058681227237,
        5.569030864843926,
        5.418424299029315,
        5.0840038805444685,
        4.991453193227088,
        4.275083455275516,
        4.1417347477475515,
        3.651517445796516,
        3.375778647150613,
        3.051196364131761,
        2.9487096108805435,
        2.661109313414036,
        2.5841593071748794,
        2.4724685748400956,
        2.3800287051004787,
        2.2410557748267066,
        2.194897834569601,
        2.001452339818645,
        1.845190608192378,
        1.7480369692474556,
        1.6959267400930707,
        1.5758324063707627,
        1.50066116665055,
        1.4633792980754965,
        1.3888771357232472,
        1.3730512520954234,
        1.2669235714506928,
        1.1953829944529035,
        1.152505630431624,
        1.025017564941258,
        1.006859953712882,
        0.953529029714225,
        0.9134349940129182,
        0.8580185504021202,
        0.8373974721830629,
        0.7903008676458355,
        0.6954654001713975,
        4.104084503882002e-15
    ]
}