{
    "score_means": [
        -8.901162635249255e-14,
        -1.2918958832001822e-15,
        1.6148698540002276e-15,
        -7.73522660066109e-15,
        1.454190303527205e-14,
        -4.492567933828633e-14,
        2.232557573155315e-15,
        -2.2672772750163197e-14,
        -1.2176118699161717e-14,
        1.7464817471012463e-14,
        1.6084103745842268e-14,
        8.760668957951235e-16,
        1.5127293357347132e-14,
        1.8490259828302606e-14,
        -7.186170850301014e-15,
        -1.6148698540002276e-15,
        2.5436218787821085e-14,
        1.2212453270876722e-14,
        -2.8340965937703996e-15,
        -5.353293566010755e-15,
        -6.249546334980881e-15,
        -3.099742684753437e-14,
        -1.4428862145492035e-14,
        -1.3092557341306845e-14,
        1.4856802656802094e-15,
        -9.632698679111358e-15,
        2.861145663824903e-14,
        -1.0053069487980792e-14,
        -3.4558214875604874e-15,
        -2.9507709407219164e-14,
        -2.0613813686312908e-14,
        2.3003821070233242e-14,
        1.6257702255147292e-14,
        1.0399761859761466e-14,
        -1.290079154614432e-14,
        1.1863237664949173e-14,
        -7.210393898111017e-15,
        -1.4455103780619537e-14,
        -2.3512505074243315e-14,
        1.602758330095226e-15,
        -3.556750853435502e-15,
        -7.93910391972862e-15,
        -1.2785732069046802e-14,
        8.465955209596193e-15,
        3.83127872861554e-15,
        -1.9111984722092696e-14,
        4.0936950798905774e-15,
        3.290297327525464e-15,
        -1.6934938300168637e-14,
        -5.853903220750825e-15,
        -1.5240334247127148e-15,
        4.9804604884684525e-14,
        -2.3072453039028253e-15,
        -2.5484664883441092e-14,
        8.522974781740881e-13
    ],
    "score_stds": [
        82.4995394672145,
        29.492704642971788,
        20.42751427848488,
        17.93274638300784,
        14.38269834786819,
        11.331533482067636,
        9.626576615192267,
        8.6286980410634,
        7.465262008893012,
        6.558636414168363,
        6.500687263357429,
        6.37117621568964,
        5.644470601344681,
        5.319905718131094,
        5.196097825544164,
        4.9312677995650365,
        4.408750339486985,
        3.936218743816172,
        3.6547337034917557,
        3.449675719327784,
        3.198838281482135,
        3.0509405441288253,
        2.8419700995746084,
        2.6524275056834923,
        2.489259699789124,
        2.248034429519828,
        2.0607443113270025,
        2.0426750620142027,
        1.9351511567146078,
        1.7674146479244894,
        1.719745410705343,
        1.6827395566400924,
        1.5900487362522453,
        1.4447372271092378,
        1.395539515217235,
        1.3907324622218453,
        1.3430670482420715,
        1.2326150100611006,
        1.194580861886581,
        1.0958980828178309,
        1.0804900892408538,
        1.0470579784910559,
        1.0172264729710114,
        0.9306977891272143,
        0.8711659384468884,
        0.8599900190772222,
        0.8273865317758159,
        0.8161553769826407,
        0.7851346154034179,
        0.7790866040745862,
        0.7137843610421678,
        0.6973958480729455,
        0.6575723579102083,
        0.5744693326095948,
        2.09796703737331e-15
    ]
}