{
    "score_means": [
        8.34115385457509e-15,
        -5.09737180001811e-15,
        -2.220446049250313e-16,
        -1.173940172125383e-14,
        1.9578541686433196e-14,
        -4.0199727604688276e-14,
        -9.885811975792698e-15,
        -7.370915472185279e-15,
        -1.4288087621262885e-15,
        5.4642281038072924e-15,
        -1.8072500018246028e-14,
        2.923265494404325e-14,
        -5.5221527833529526e-15,
        -5.213221159109431e-15,
        1.714570514551546e-14,
        -1.3467487994366029e-14,
        -1.2859278859136595e-14,
        1.9655774592494076e-14,
        -2.6085414022062374e-14,
        1.339990920156276e-14,
        8.790070121053957e-15,
        -2.0852884636437725e-15,
        -2.062842650319829e-14,
        -1.0870531528068925e-14,
        -2.1432131431894326e-14,
        -2.857617524252577e-15,
        1.4548748679218355e-14,
        -1.1102230246251565e-14,
        4.576049684107167e-15,
        1.0298525317555528e-14,
        9.364489859881755e-16,
        -1.5779648119563637e-14,
        4.404689173784588e-15,
        7.385396642071694e-16,
        -1.8342815189459107e-15,
        1.7763568394002505e-15,
        2.029294606749634e-14,
        4.21402043694679e-15,
        2.3956682048759358e-14,
        2.328813470566986e-14,
        -2.5354114942798413e-14,
        3.277571450958614e-15,
        -2.1212500355283697e-14,
        -1.7111915749113825e-14,
        9.499647445488296e-15,
        7.864046068928804e-13
    ],
    "score_stds": [
        73.09975839006754,
        28.655483987138084,
        25.43971388985016,
        19.73952905707099,
        15.48544010643091,
        12.321041936274403,
        10.061054064168193,
        9.526892885676864,
        9.002937513770485,
        8.527927803534366,
        7.878068926374536,
        7.186314415332673,
        6.850591632650903,
        6.483612258265761,
        6.126157579184142,
        5.210813069965469,
        5.066291028092115,
        4.769245804109946,
        4.5098512857061035,
        4.0467527836697315,
        3.77958005802257,
        3.724295816720282,
        3.1764684588042646,
        2.99435542206391,
        2.812672934530981,
        2.6265216810185015,
        2.384880292834349,
        2.278402069476716,
        2.1541928441478806,
        2.0615863451256606,
        2.057790429645439,
        1.906941014548987,
        1.7990700408969131,
        1.7434208865315743,
        1.6242623108270982,
        1.5153586802004364,
        1.4160017509045326,
        1.2832293243426278,
        1.182639672779007,
        1.1312750604913586,
        1.0865563807948937,
        1.065245697866152,
        0.924743644011435,
        0.8599775676022975,
        0.8079965607083363,
        2.7253818315513326e-15
    ]
}