{
    "score_means": [
        8.733216170433231e-14,
        6.717858592640947e-15,
        9.560029535681348e-15,
        2.3237977199063277e-14,
        4.392446002880619e-15,
        -1.0981115007201548e-15,
        2.5062780134083534e-14,
        -7.186170850301014e-15,
        8.768743307221237e-15,
        -3.2862601528904634e-14,
        1.3306527596961877e-14,
        4.457040797040629e-15,
        2.0670334131202915e-14,
        2.375069837770835e-14,
        -4.379527044048618e-14,
        9.737665219621372e-15,
        -7.670631806501082e-15,
        -9.798222839146381e-15,
        -8.64359089353622e-15,
        -3.2446772541499575e-14,
        3.859538951060544e-15,
        2.000016314179282e-14,
        1.992749399836281e-14,
        1.6148698540002277e-16,
        -3.649605870040515e-14,
        2.8280408318178987e-14,
        -3.2345843175624564e-14,
        -4.304435595837607e-14,
        -4.264871284414601e-14,
        -1.55956056150072e-14,
        -5.829680172940822e-15,
        -2.6435419509983726e-14,
        -6.417492799796904e-14,
        8.276208001751167e-15,
        2.701273548278881e-14,
        -1.3015851023241835e-14,
        1.2644430956821783e-14,
        -2.1130572039592978e-14,
        -4.8066601204316777e-14,
        -6.972200594645983e-15,
        1.8207657603852567e-14,
        -1.4089739476151986e-14,
        4.6859485988451606e-14,
        -2.4788252258903496e-15,
        4.125992476970582e-15,
        -2.6645352591003756e-16,
        -3.257394354250209e-14,
        -2.1956174252450594e-14,
        7.670631806501082e-16,
        -2.779897524295517e-14,
        -7.16800356444351e-15,
        -1.7472891820282463e-14,
        -1.7404259851487453e-14,
        -8.045079753897385e-15,
        7.152413131458505e-13
    ],
    "score_stds": [
        98.70329352815126,
        42.10671663457377,
        32.30919438022233,
        17.760393525653907,
        16.41684811195166,
        15.257729665306735,
        14.252809061883962,
        11.003919947272136,
        9.509308687314258,
        8.893341643187071,
        8.555015013411536,
        7.334072500536361,
        6.703305526045072,
        6.563884801836789,
        6.385865823182436,
        5.632282314400923,
        5.462652003251601,
        5.1187650330139745,
        4.560602185374644,
        4.2470414652073165,
        4.038161986386854,
        3.50880062803074,
        3.4390624591650876,
        3.2156613531320892,
        2.9842272811261488,
        2.915259695885741,
        2.7271128422101523,
        2.6305358167513213,
        2.601668493553832,
        2.493945803820206,
        2.340025158680583,
        2.244989297856124,
        2.10967448300589,
        2.073635376708977,
        1.8970916064275327,
        1.8518668038013024,
        1.725975525044787,
        1.6733169732222446,
        1.6133588852417482,
        1.5449687258386067,
        1.5375401275308995,
        1.462509561100956,
        1.3118381945777806,
        1.2732543282775328,
        1.2286894281567908,
        1.1901811107919038,
        1.1023877129685213,
        1.0631530897155437,
        1.0425258969086795,
        0.9856849551396485,
        0.9509998027123342,
        0.8672532488395492,
        0.8524714719812074,
        0.8193698580164328,
        5.543197388820167e-15
    ]
}