{
    "score_means": [
        7.07453419517665e-14,
        -2.9502970115256335e-14,
        -1.0503675224279741e-14,
        -2.7649380369795203e-14,
        -3.444587610315268e-14,
        1.355437501368452e-14,
        1.664369125611974e-14,
        -4.455373268387041e-15,
        9.074866462153454e-15,
        -3.4754807727396205e-15,
        3.572987316641482e-14,
        6.3717147500226374e-15,
        2.1296973846287787e-14,
        -1.529211540005433e-14,
        4.795198055054915e-14,
        1.6218910272784895e-14,
        6.638168275932675e-14,
        1.8371777529231938e-14,
        -2.043775776636049e-14,
        -3.176203261753709e-15,
        -1.2386227309513703e-14,
        1.269033187712842e-14,
        -2.859548346904099e-14,
        -4.6918990431984876e-15,
        1.1879386363489175e-14,
        -1.5470716495320116e-15,
        6.014512559491065e-15,
        8.703183101735467e-15,
        -3.7906875706005886e-14,
        3.5763662562816455e-14,
        -1.1102230246251565e-14,
        -1.3361292748532318e-14,
        -1.1527011229586407e-14,
        -2.8132086032675706e-14,
        -1.0696757489431942e-14,
        -4.865673081835469e-15,
        -1.1449778323525528e-14,
        6.154497201726411e-15,
        -4.9742818559835815e-15,
        -3.4609996028532055e-15,
        -3.856818246415218e-15,
        1.7343614467296466e-14,
        -1.2125566251558232e-14,
        1.2905135897110244e-14,
        -1.1782845230913075e-14,
        6.592848248008982e-13
    ],
    "score_stds": [
        75.55761329443774,
        33.034964492334616,
        26.1061759406276,
        15.766385610471694,
        13.776948516522884,
        11.56332264361558,
        10.491960655421508,
        9.360330456358001,
        9.073067620319565,
        9.004255123063576,
        8.219184218716133,
        7.786554113815559,
        6.538831758431171,
        6.1956054571879555,
        5.684621445879607,
        5.46608966659221,
        5.273056579985669,
        4.888063316784294,
        4.512022424283327,
        4.072335173687492,
        3.9672068849082027,
        3.801336640962036,
        3.596288382889785,
        3.4820111447789452,
        3.3859498737432627,
        3.161008672994498,
        2.9697568835953727,
        2.623964112146183,
        2.585091917229821,
        2.353284479971503,
        2.2587257134173475,
        2.1721229023688613,
        2.16137739002544,
        1.9480228493471052,
        1.9400036387048607,
        1.8594103494243257,
        1.6558092163763125,
        1.5952415426356559,
        1.5077944896590885,
        1.4602849202751325,
        1.418631191412411,
        1.3538676444987043,
        1.2897031759971456,
        1.1477919676555326,
        1.1263528763396147,
        3.176901157641689e-15
    ]
}