{
    "score_means": [
        -3.954324790317079e-14,
        4.4795085515310666e-15,
        2.0157788481889798e-14,
        -2.193414532129005e-14,
        -2.7881079087977843e-14,
        -1.7763568394002505e-15,
        5.773159728050814e-15,
        1.3129594030349677e-14,
        -1.2897895312167036e-14,
        7.877756418209807e-15,
        -7.298509622753203e-15,
        -1.745463676975898e-14,
        -1.7647719034911184e-14,
        -1.2791700066333325e-16,
        1.011751069397534e-14,
        2.5332393187968788e-14,
        4.247809833348425e-14,
        2.905888090540627e-14,
        -1.4539094565960746e-14,
        1.1218079605342886e-14,
        -1.173940172125383e-14,
        -2.250373800348904e-14,
        -1.9124798363325524e-14,
        1.5813437515965274e-14,
        2.9599511247832437e-14,
        9.316219293593706e-16,
        1.2463460215574583e-14,
        -1.197110043943647e-15,
        -1.529935598499754e-14,
        -2.0003322669768037e-14,
        1.841039398226238e-14,
        7.298509622753203e-15,
        3.199373133571973e-14,
        1.4075697129595463e-14,
        -1.1469086550040747e-14,
        -6.487564109113958e-15,
        9.480339218973077e-15,
        -1.2106258025043011e-14,
        -3.393903515712816e-14,
        -1.2989609388114332e-14,
        -1.888344553188527e-14,
        -8.94694946149012e-15,
        -9.224505217646409e-15,
        -4.409516230413394e-15,
        -1.7449809713130177e-14,
        -8.158456360666303e-13
    ],
    "score_stds": [
        62.01682725639534,
        34.89868487620356,
        21.279720453063877,
        18.45961122941747,
        17.112397322798113,
        15.012599551450014,
        12.573179556296141,
        11.645502850843519,
        10.678611439997706,
        10.545511140362724,
        8.849716188198117,
        8.147622801773858,
        7.625401661458907,
        7.5373039641906745,
        6.821147525602459,
        6.416948495447924,
        5.815800459886066,
        5.629200370950654,
        5.398452029626041,
        5.004082711557169,
        4.74526148256677,
        4.523582908547265,
        4.269844249325993,
        4.20760720629967,
        3.9460458315706304,
        3.7754358329199413,
        3.5138871879339817,
        3.32519285484448,
        3.0230598879888833,
        2.9392183815150736,
        2.7275525555778573,
        2.57534812214358,
        2.4740955175523047,
        2.337396180194909,
        2.224208872412087,
        2.156817735828721,
        1.992947692551744,
        1.9478414752249256,
        1.784195913476041,
        1.669895619060111,
        1.6380402471617708,
        1.5166653349904042,
        1.4188369398575105,
        1.3968149209684375,
        1.2043821982194178,
        3.2634660893059985e-15
    ]
}