{
    "score_means": [
        -7.751375299201093e-16,
        -1.2361828732371743e-14,
        2.3964668633363378e-14,
        -8.461918034961193e-15,
        2.170385083776306e-14,
        -7.266914343001024e-15,
        -1.2434497875801753e-14,
        1.233760568456174e-14,
        8.623405020361216e-15,
        1.979830441004279e-14,
        -9.36624515320132e-15,
        7.977457078761125e-15,
        4.3569188660926143e-14,
        -2.90676573720041e-14,
        1.6913743133334885e-14,
        -1.3225784104261865e-14,
        2.739222989847886e-14,
        -1.9325954977747724e-14,
        -1.9128133420632696e-14,
        -3.502248995862994e-16,
        2.5741025472763628e-14,
        -2.8825426893904063e-14,
        -1.744059442320246e-14,
        -1.532511491446216e-14,
        -9.802260013781383e-15,
        -1.837721893852259e-14,
        5.979055634435843e-15,
        -2.5930772680608656e-14,
        -1.6843092577222376e-14,
        -3.679480962339519e-14,
        -1.5450267328147178e-14,
        3.155051977252945e-14,
        -4.2737530686116025e-14,
        3.255577625664459e-14,
        -1.680675800550737e-14,
        -1.7125694801672414e-14,
        -1.574498107650222e-15,
        1.3209635405721863e-14,
        -8.59110762328121e-15,
        -4.74771737076067e-15,
        -2.7368006850668858e-14,
        1.7561709662252476e-15,
        2.4449129589563447e-14,
        -3.637090628672013e-14,
        -2.389401807725087e-14,
        1.3968624237101969e-14,
        5.0908772147357175e-15,
        5.10904450059322e-15,
        -3.012741571369175e-15,
        -3.737616277083527e-14,
        2.4659062670583475e-14,
        2.105790289616297e-14,
        1.460649782943206e-14,
        1.6711884401584857e-14,
        -9.155363336142066e-13
    ],
    "score_stds": [
        73.0636369726186,
        26.325380251538576,
        20.988947554439502,
        18.95000014459192,
        17.994249466172544,
        13.028461544457777,
        11.891698107965626,
        10.689391464555943,
        9.714823885539632,
        9.482070177854837,
        8.486029567452762,
        7.814026820479123,
        7.227061957222791,
        6.985233766522262,
        6.498566970787778,
        6.466532732642297,
        5.87506633070957,
        5.216542249641521,
        4.908070054616155,
        4.751314850721971,
        4.367873263538332,
        4.1313409452737755,
        4.078956067622041,
        3.9972079626673502,
        3.6241767682680197,
        3.4817399062980026,
        3.2567274062735163,
        3.153764159099877,
        3.0261857868319595,
        2.874149545777795,
        2.6490027648607617,
        2.4669149712933085,
        2.3386044246840516,
        2.200134148850082,
        2.1653352368365053,
        2.0518185531245647,
        1.981395497409504,
        1.9181111036506053,
        1.8693103568079954,
        1.8297520231924762,
        1.675568868265205,
        1.6036075103536407,
        1.5458048982712527,
        1.505602404093332,
        1.4252859449923314,
        1.3456175222500348,
        1.3162555599269556,
        1.227447215271701,
        1.203103729254875,
        1.1471192094534854,
        1.1164161545016895,
        1.044517301675662,
        1.0219194419037583,
        0.8741785325711154,
        4.554624760129671e-15
    ]
}