{
    "score_means": [
        3.346010337488472e-14,
        -5.878126268560829e-15,
        2.62537466514087e-14,
        1.4291598207902014e-14,
        2.6629203892463754e-14,
        4.495797673536634e-14,
        -2.6483865605603735e-15,
        -1.6859241275762376e-14,
        2.0379657557482873e-14,
        -2.2188311793963127e-14,
        -1.403321903126198e-14,
        -3.019806626980426e-14,
        -7.17002215176101e-15,
        1.8110765412612553e-14,
        -3.7142006642005236e-15,
        1.4069553602976985e-14,
        5.442111407980767e-15,
        1.6116401142922272e-14,
        1.6826943878682372e-14,
        -9.140163373641289e-15,
        2.454602178080346e-15,
        1.1780475584931661e-14,
        -8.009754475841129e-15,
        1.0415910558301468e-14,
        -1.4582274781622056e-14,
        -2.7040995705233813e-14,
        -3.178063872672448e-14,
        -3.6689843082885176e-14,
        -3.5345463929429983e-15,
        -3.0198066269804257e-15,
        -6.718867886299697e-15,
        -4.1905872711305905e-15,
        2.5478609121488593e-14,
        -8.623405020361216e-15,
        1.375061680681194e-14,
        -4.642750830250654e-16,
        -4.925353054700695e-15,
        -2.6225486428963698e-14,
        1.5018289642202118e-15,
        -4.691196925870662e-15,
        -1.9822527457852796e-15,
        -2.5337308009263573e-14,
        -1.2313382636751736e-14,
        -2.0872192862952944e-15,
        -5.999241507610846e-15,
        1.7604099995919982e-14,
        1.2313382636751736e-14,
        -8.144999826113648e-15,
        -4.006895825238065e-16,
        1.5006178118297115e-14,
        6.499851162350917e-15,
        3.342780597780471e-14,
        -3.683316278242769e-14,
        -2.3072453039028253e-14,
        -7.225706144531329e-13
    ],
    "score_stds": [
        55.92979781696964,
        25.295562841863596,
        24.45631681321049,
        14.708282911009858,
        13.961596098840214,
        11.352545561864895,
        10.438705804977273,
        9.724221353648469,
        8.822591913149884,
        8.168863529061312,
        7.419259644459729,
        7.243622001072938,
        6.9290683253021585,
        6.656939763007914,
        6.266954603503807,
        5.591229979995413,
        5.494426604230632,
        5.223344467503314,
        5.038397798607553,
        4.819851116863494,
        4.474802629048174,
        4.397776698419313,
        4.093529309783296,
        3.901104160563199,
        3.8108525365360766,
        3.689779614596855,
        3.376402261937873,
        3.289657252133229,
        3.177325809615225,
        2.8554867530094565,
        2.847505696873938,
        2.6623415645985475,
        2.6133513271633215,
        2.556967528465752,
        2.4941024920199615,
        2.3259406704375696,
        2.252679181226686,
        2.186090110141928,
        2.1769066437616025,
        2.047370843428672,
        1.989669790827408,
        1.856957712448024,
        1.7634701561831108,
        1.6074026317926982,
        1.5949063717576613,
        1.4998588814808127,
        1.4130643187831047,
        1.3807245027380393,
        1.2975690429671807,
        1.2871207934675282,
        1.1496980198604716,
        1.1074329212196357,
        1.0334589319912726,
        0.9712720211976382,
        3.585822475115427e-15
    ]
}