{
    "score_means": [
        -8.433833341848146e-14,
        -2.3324337630385897e-14,
        5.1746047060789906e-15,
        6.9895779985096815e-15,
        3.0815929518291304e-14,
        8.34115385457509e-15,
        -8.51492789321207e-15,
        -8.804551290940372e-15,
        -1.4828717963689047e-14,
        1.548519766520653e-14,
        1.9482000553857095e-14,
        1.7667027261426403e-14,
        -3.71490278152835e-14,
        -2.1755544226024263e-14,
        1.71843215985459e-15,
        -4.5567414575919466e-15,
        2.6568119684942878e-14,
        -2.046672010613332e-14,
        9.712037937155717e-15,
        4.404689173784588e-15,
        -5.11668002653333e-15,
        3.898330933422941e-14,
        -2.2976789553111935e-15,
        1.3129594030349677e-14,
        3.575883550618765e-14,
        4.110721425090362e-14,
        -4.107825191113079e-15,
        1.1980754552694081e-14,
        3.473067244425218e-15,
        -3.4272102064515704e-14,
        2.6959111271876085e-14,
        -5.3667215599054304e-14,
        -4.524158825347513e-15,
        1.9462692327341876e-14,
        2.684808896941357e-14,
        1.9733007498554955e-14,
        -7.935681097755467e-15,
        -2.3169871818264135e-14,
        -3.0217374496319476e-15,
        -6.687886959209367e-15,
        7.105427357601002e-15,
        2.2552008569777092e-14,
        3.8906076428168526e-14,
        1.8625198002244204e-14,
        -1.2897895312167036e-14,
        6.768252926713381e-13
    ],
    "score_stds": [
        57.58631700299898,
        24.04960373819456,
        23.033504141470534,
        14.297159419822497,
        13.46010546498043,
        12.828751635421998,
        11.502090967767804,
        9.804142066214162,
        8.886967981101115,
        8.357523520965087,
        7.760019696189935,
        7.657564662847132,
        7.152253792022565,
        6.320094140170617,
        5.936683889697784,
        5.72938966455388,
        5.235253748571078,
        5.1089848995205545,
        4.99743930784511,
        4.549983487543326,
        4.299371984668332,
        4.19392952301967,
        4.071113116900247,
        3.8248748910067225,
        3.6625616922702884,
        3.477231834642852,
        3.2464842612725984,
        2.986294342344783,
        2.806563054650438,
        2.690853761410415,
        2.571165386690033,
        2.518332746380753,
        2.461662069326719,
        2.2760384883454443,
        2.192607517416073,
        2.153069106817311,
        2.075797565501222,
        1.9928708948426392,
        1.9410556405775867,
        1.8255421807077896,
        1.7958211738553427,
        1.5552117642947034,
        1.5157974897247348,
        1.3624209841787132,
        1.2446058458028766,
        3.6009291305297636e-15
    ]
}