{
    "score_means": [
        -2.9039572678891054e-14,
        1.7377403863698102e-14,
        -1.7918034206124266e-14,
        -3.3692855269059095e-14,
        -1.7715297827714454e-14,
        6.255865390931317e-15,
        1.2241415610649552e-14,
        3.529543806982237e-14,
        2.9502970115256335e-14,
        2.7417681651612562e-14,
        1.1005689113675464e-15,
        -9.306565180336094e-15,
        -8.186688042453328e-15,
        1.4288087621262883e-14,
        -1.1488394776555967e-15,
        1.4017772450049803e-14,
        -9.229332274275215e-15,
        6.3379253536210026e-15,
        3.0432178516301304e-14,
        -2.1239049166742125e-15,
        -1.895102432468854e-14,
        3.255366990466111e-14,
        2.896233977283017e-17,
        3.1728243221135453e-14,
        -1.521488249399345e-14,
        2.376842684023596e-14,
        -2.215618992621508e-14,
        -2.4704875826224135e-14,
        4.537433231076727e-16,
        -5.91410978161192e-14,
        2.1094237467877974e-14,
        6.613067581462889e-16,
        -1.9491654667114704e-14,
        1.6025828007632695e-15,
        1.5523814118236973e-14,
        -3.774758283725532e-15,
        -2.4212516050086022e-14,
        9.866503749277477e-15,
        -5.792467954566034e-15,
        -2.8180356598963757e-14,
        1.0547118733938987e-15,
        -1.512799547467496e-14,
        -3.522303222039029e-14,
        2.1439372016837533e-14,
        -1.1852837552030747e-14,
        -8.095852453101096e-13
    ],
    "score_stds": [
        67.67693824069553,
        32.26637042370511,
        22.454160301592555,
        19.060475136768332,
        15.855035801135552,
        12.466420781818071,
        11.346601302290031,
        10.907058083713757,
        10.690258974758958,
        9.56982770735438,
        8.113079603510691,
        7.328191305769182,
        6.874835904034298,
        6.595014965748021,
        6.3021308016381905,
        5.626172120383371,
        5.249431540196383,
        5.0708692851051635,
        4.625440127862744,
        4.46290710577716,
        4.355265801509004,
        3.942419388113134,
        3.759137467399287,
        3.6510590415820223,
        3.4896210831922256,
        3.3337844410576603,
        3.0276225167630244,
        2.9490620941866434,
        2.882924063896598,
        2.6512260264153085,
        2.4970230563695304,
        2.310972199921197,
        2.275194220317278,
        2.1933116225121774,
        2.1563118454654595,
        1.89225868411548,
        1.8608615304948526,
        1.6916504615135828,
        1.6681517448445706,
        1.6047474376644388,
        1.526844651625573,
        1.4284946250645199,
        1.3490404694754088,
        1.1859312132873596,
        1.154291945700053,
        3.3204868012257994e-15
    ]
}