{
    "score_means": [
        7.124805795849005e-14,
        3.100550119680437e-15,
        -4.68312257660066e-15,
        4.299590986275606e-16,
        -3.772335978944532e-14,
        -4.618527782440651e-15,
        1.5276668818842153e-14,
        -3.601159774420508e-14,
        -2.0056683586682828e-14,
        -4.2422631064585983e-14,
        -2.3302571993223287e-14,
        -3.5058824530344946e-14,
        5.576145605862786e-14,
        2.296344932388324e-14,
        -4.6120683030246505e-14,
        -3.960468316935558e-15,
        -7.153873453221009e-15,
        -1.2595984861201776e-15,
        6.956859331032981e-14,
        2.5514943693203597e-14,
        2.134252370793051e-14,
        8.15509276270115e-15,
        7.182133675666012e-15,
        3.3516623819774724e-14,
        -1.7634378805682487e-14,
        -2.4953776418938517e-14,
        2.98104975048442e-14,
        -2.1946081315863096e-14,
        -2.962075029699918e-14,
        -3.7142006642005236e-15,
        4.5644296423316436e-14,
        -4.832498038095681e-14,
        1.8530631574652613e-15,
        -4.179283182152589e-14,
        4.3997129172236206e-14,
        -7.476847424021054e-15,
        -7.73522660066109e-15,
        -5.6064244156252907e-14,
        3.078749376651434e-14,
        -2.26828656867507e-14,
        -2.2018750459293103e-14,
        3.411412566575481e-15,
        -1.4985992245122112e-14,
        4.838553800048182e-15,
        5.5507114056622824e-14,
        -1.2660579655361785e-14,
        -5.490557503600774e-16,
        -6.52811138479592e-15,
        -1.8284363921917578e-14,
        7.675678274794833e-15,
        -1.7503170630044968e-14,
        -5.732787981700809e-16,
        -3.5561452772402514e-14,
        3.168980229743697e-14,
        -8.932811245749244e-13
    ],
    "score_stds": [
        62.82712413319946,
        35.50367942888384,
        26.161169500382908,
        23.52190627484147,
        17.532358128584303,
        13.633067457787883,
        13.05898035674096,
        10.766820942759596,
        9.86074620424395,
        9.252601448000252,
        8.139452008798743,
        7.7055272983282315,
        7.321557769185895,
        6.847833385491098,
        6.55323607156696,
        6.318865573433153,
        5.783589947561924,
        5.410258714421199,
        5.2578342129000095,
        4.926940737285246,
        4.869701663449809,
        4.336487635470536,
        4.011168761728397,
        3.722334154577291,
        3.6848211951593597,
        3.3412047633857918,
        3.282014106660799,
        3.116507620076968,
        2.9766144545155755,
        2.8968665238868576,
        2.8378118464570252,
        2.5621887098773137,
        2.467937073887418,
        2.3102556711279942,
        2.217474716730061,
        2.163942235287709,
        2.054665590241241,
        1.914883269233629,
        1.8273199623843335,
        1.7790253575920547,
        1.6964688026655996,
        1.6476984085534128,
        1.5839807120992442,
        1.4656206242669043,
        1.3757263598919227,
        1.3527757060945065,
        1.2735689530887628,
        1.2020390150512954,
        1.1740098946714743,
        1.087395234708075,
        1.0033838820794219,
        0.9814902758370861,
        0.8925936606134753,
        0.8585048624814317,
        2.8802744474805346e-15
    ]
}