{
    "score_means": [
        -6.950961545479241e-15,
        1.8111116471276466e-14,
        1.9617158139463634e-14,
        -3.896400110771419e-14,
        2.5332393187968788e-14,
        -3.4716191274365766e-14,
        1.2473114328832193e-14,
        -1.521488249399345e-14,
        -2.3546382235310928e-14,
        6.709608714038989e-15,
        -4.296080399636476e-15,
        2.374911861372074e-15,
        -4.363659192439745e-15,
        1.1189117265570056e-14,
        -2.3556036348568537e-15,
        -1.0619524583371063e-16,
        -4.672590816683268e-15,
        2.7803846181916965e-15,
        5.995204332975845e-15,
        1.2115912138300622e-14,
        1.878690439930917e-14,
        -1.4181892375429174e-14,
        2.905888090540627e-14,
        4.561568514220752e-15,
        -5.022552422271632e-15,
        9.567226238291567e-15,
        -1.6267180839072946e-15,
        -1.0160954203634585e-15,
        -1.2955819991712697e-14,
        -1.3033052897773577e-15,
        -1.2357264969740872e-15,
        -1.3138041379450086e-14,
        -2.040879542658766e-14,
        -6.82545807313031e-15,
        7.144043810631441e-15,
        -9.765135560072573e-15,
        9.748240861871755e-15,
        -1.4625981585279237e-15,
        2.7120817668941054e-14,
        5.7417838599635815e-15,
        -1.1662168815192948e-14,
        8.399078534120749e-16,
        -3.7699312270967275e-15,
        1.913927953321194e-15,
        2.939074104863662e-15,
        -6.612150440703416e-13
    ],
    "score_stds": [
        76.42810277558277,
        25.346448796613153,
        17.697696006378358,
        13.086190237523743,
        11.983204184000792,
        10.629103332744029,
        9.819831761587027,
        8.416710842058949,
        6.620030094443245,
        6.436332697471832,
        5.485112898461303,
        5.332739440375805,
        5.05752480556469,
        4.801495098282801,
        4.332002318469699,
        4.097619299064828,
        3.849398550302492,
        3.567111489751566,
        3.4179154358321004,
        3.291902086553085,
        3.040472244467445,
        2.8989630420666077,
        2.705168662724891,
        2.6583429376148877,
        2.4760614448885305,
        2.434190896641532,
        2.275449850421502,
        2.148826589457727,
        2.032483672512979,
        1.908149787634323,
        1.7640334337244625,
        1.7596410374380727,
        1.6214282398881115,
        1.470912134453962,
        1.4394517244553255,
        1.378849618933913,
        1.3487755597898947,
        1.2279788619298362,
        1.1809031206163942,
        1.1254717335214695,
        1.0114897238416325,
        0.9670640025100704,
        0.9065697670089572,
        0.8204119093429778,
        0.7583340816367166,
        5.052550535430491e-15
    ]
}