{
    "score_means": [
        4.511946372076636e-14,
        2.8098735459603962e-14,
        1.3354973692581884e-14,
        1.446923389184204e-14,
        3.339550858072471e-14,
        1.6875389974302379e-15,
        3.585011075880505e-15,
        -4.201891360108593e-14,
        -2.929373915156413e-14,
        3.0892460307024355e-14,
        2.3076490213663253e-14,
        -6.919717324390976e-15,
        -3.82724155398054e-15,
        3.016576887272425e-14,
        1.715799219875242e-15,
        -1.155439380537163e-14,
        1.610832679365227e-14,
        1.3245969977436868e-14,
        5.668193187540799e-15,
        3.532527805625498e-14,
        -1.2613647500229903e-14,
        2.5272713215103562e-14,
        -1.312081756375185e-14,
        6.901550038533473e-15,
        1.937843824800273e-15,
        1.935219661287523e-14,
        3.5567508534355016e-14,
        2.34156128830033e-14,
        -1.9303750517255222e-14,
        -5.5067062021407766e-15,
        -1.0157531381661432e-14,
        -7.743300949931092e-15,
        -1.4130111222501992e-15,
        4.8970928322556905e-15,
        -3.231354577854456e-14,
        -7.509144821101059e-16,
        -2.043617800237288e-14,
        -2.438453479540344e-15,
        2.361747161475333e-14,
        7.242691295191021e-15,
        -4.40052035215062e-15,
        3.734386537375526e-15,
        -1.7703010774477496e-15,
        4.269766358659539e-14,
        -1.0159549968978933e-14,
        -1.928760181871522e-14,
        -1.7480966169552465e-15,
        -3.025105418688864e-14,
        1.1942971863990434e-14,
        -1.3278267374516872e-14,
        -8.498252606676198e-16,
        1.3788969965844445e-14,
        -7.783672696281098e-15,
        1.4711464369942073e-14,
        6.894838235702785e-13
    ],
    "score_stds": [
        84.08609810614355,
        22.34228424686168,
        16.249343665849533,
        15.507536579351672,
        13.637220825658725,
        10.526482312898175,
        8.812498292633887,
        7.468750662437794,
        7.022849738600799,
        6.094084472723038,
        5.9580126318481055,
        5.618931766803082,
        5.14859736554576,
        5.109270514924453,
        4.3316166420935165,
        3.8247518820950694,
        3.575841811938671,
        3.288058841622343,
        3.0858488381638662,
        2.9866158025091436,
        2.9010795924628794,
        2.743771552101536,
        2.618753656554039,
        2.4986348320285963,
        2.269953147816178,
        2.213731390324799,
        2.092934849625338,
        2.025879612480308,
        1.875718807653094,
        1.7955230729225404,
        1.6600317370855806,
        1.6355801302756672,
        1.5643278544502923,
        1.5108619643885168,
        1.4125724434914793,
        1.3986686276966227,
        1.227665982946323,
        1.2198175949923984,
        1.1645982402544057,
        1.1352192273379502,
        1.0712584901099138,
        0.989518199154153,
        0.9858105908233664,
        0.9682452578734226,
        0.8759332656777394,
        0.8489407132043301,
        0.8395762270760614,
        0.7859142142671359,
        0.7256920978972511,
        0.6984250954618488,
        0.6866474009772785,
        0.6430605893814646,
        0.62298009439037,
        0.5733584921615081,
        1.5770225707051019e-15
    ]
}